n_electric,n_mechanical,timestamp
1,7,1631798564
3,3,1632088422
4,5,1631145764
0,11,1632567164
6,15,1631569364
0,12,1631788964
2,2,1630285364
9,7,1630849964
2,3,1631542964
14,7,1631928764
5,10,1630468964
5,14,1632264764
0,0,1631118764
6,12,1631967164
1,1,1630941764
2,1,1630283564
6,15,1631565764
1,0,1630773164
0,1,1630938764
9,1,1631895764
8,5,1631407364
1,2,1632382964
14,8,1631930564
0,4,1632477164
3,11,1630520564
0,1,1630222964
0,2,1631616164
3,17,1632810165
2,10,1631857964
0,0,1631536364
0,4,1631092364
4,3,1632723764
1,0,1630301564
2,6,1631040764
0,0,1631116364
2,5,1632252764
1,2,1631128964
2,9,1630996964
8,7,1630889564
0,4,1630188164
4,8,1632717764
5,3,1631400764
1,3,1630159364
3,2,1632655964
2,14,1631997164
1,4,1631199764
1,6,1630723964
1,11,1630490564
1,4,1632494564
5,7,1630820564
10,11,1632454964
2,7,1630998764
7,3,1630868564
5,1,1630701164
2,13,1631996564
4,9,1630479164
7,13,1631739164
3,7,1630797764
1,4,1631373164
0,6,1631875964
7,8,1632377565
12,9,1631944964
3,16,1632042764
0,4,1630777964
6,5,1630431764
2,3,1630229564
2,9,1631485964
1,0,1631642564
1,0,1630413764
1,5,1631099564
2,1,1630765964
1,4,1632117764
1,1,1630264364
1,13,1631278364
1,4,1632483164
2,5,1631460164
10,6,1631906564
7,12,1630613564
8,12,1632199364
7,3,1631901164
10,12,1631251364
3,9,1630515164
4,4,1630375364
1,9,1632292964
0,2,1630269164
1,4,1632210764
10,6,1631226164
0,6,1631100164
5,16,1632791564
5,16,1632780764
0,0,1632126164
10,3,1631902364
6,3,1631890964
1,9,1630662164
0,4,1631304764
1,6,1631082764
0,2,1632245564
6,15,1631574764
0,10,1631005364
1,1,1631887364
3,1,1632657164
9,12,1631232164
1,0,1630699364
1,12,1632579164
1,0,1632745364
2,13,1631275364
14,8,1631935964
0,2,1630194764
0,0,1631525564
2,0,1630293164
1,3,1630690364
14,8,1631932364
1,0,1630342364
0,2,1630837364
1,7,1631545364
3,5,1630669964
2,2,1630343564
3,18,1632024764
2,4,1631370764
1,4,1631018564
8,9,1631319164
3,4,1632109964
3,6,1630142564
9,6,1631421164
3,9,1631503364
0,0,1632136964
4,5,1631166164
2,9,1630657964
5,10,1630464764
6,7,1630126963
6,9,1630248164
5,16,1632282164
2,1,1630417964
0,1,1631188364
3,16,1631977364
5,2,1632724964
1,6,1631106764
8,11,1631261564
7,12,1630617164
8,7,1630888964
3,4,1632099164
3,1,1631211164
1,2,1630839764
3,9,1631504564
11,10,1632440564
0,4,1632403964
6,7,1631063564
0,0,1630693964
1,4,1631356964
2,9,1631508164
0,7,1631010164
0,0,1632729164
1,9,1632568964
0,0,1632487964
1,13,1631283764
0,3,1632244964
7,12,1631731964
2,7,1630735364
2,2,1631200964
14,8,1631914964
14,8,1631923364
1,6,1632513764
1,0,1630408364
0,2,1630193564
5,11,1630650223
3,11,1632262364
2,3,1632250964
2,1,1632493364
2,5,1631707364
10,10,1632438764
6,12,1630629764
7,11,1631255564
4,9,1630828364
2,7,1630600364
0,1,1632132164
4,17,1632037964
6,8,1631070164
7,12,1630614764
4,8,1632714164
0,0,1632486164
4,3,1630710164
4,2,1631711564
3,3,1632655364
1,5,1630791764
2,2,1630421564
7,12,1630635764
0,0,1632405764
7,13,1630627964
7,10,1631970764
6,12,1631855564
4,1,1632626564
3,4,1632111164
4,1,1631389364
6,15,1632772364
5,4,1631714564
5,5,1631152964
0,0,1630307564
10,10,1632459164
4,6,1632256964
0,2,1630207364
1,3,1630674164
6,3,1631442764
1,4,1632607964
0,2,1630273364
3,3,1630361564
3,11,1631987564
0,1,1630312364
5,11,1631562164
1,14,1632577364
5,16,1632792764
1,3,1631372564
14,8,1631935364
4,7,1630131764
9,12,1631760764
1,0,1630168364
3,2,1631539964
13,8,1631920364
1,3,1632077564
3,1,1631387564
2,7,1630732364
2,1,1630342964
0,2,1630275164
2,10,1631980364
8,12,1632199964
5,6,1631961164
3,13,1631269364
1,8,1631030564
7,8,1631950364
7,12,1631344364
8,9,1631317364
0,3,1632478364
1,4,1631052164
0,0,1632729764
3,17,1632043364
2,5,1632317564
1,0,1630264964
5,10,1630449764
1,3,1632232364
1,1,1630406564
1,10,1631818964
0,7,1631547164
5,15,1631586764
4,4,1631651564
7,7,1631061764
3,8,1632549164
1,15,1632004964
8,10,1631320964
6,3,1630709564
2,9,1631510564
0,4,1630834364
2,7,1630731164
2,3,1630365164
4,11,1630969964
0,13,1631601164
3,6,1630141364
2,2,1630929164
2,0,1630294964
3,1,1631392964
4,9,1632546164
1,12,1631280764
0,2,1631883764
2,11,1632823964
0,1,1630315364
2,2,1632392564
10,4,1631223164
5,16,1632806564
4,3,1631715164
7,8,1630902764
7,8,1630899764
7,7,1631448164
1,4,1632079364
0,6,1632508964
4,13,1630517564
1,2,1630336364
8,8,1631560364
5,16,1632786164
5,16,1632277964
1,2,1632140564
0,2,1630321364
4,9,1631859164
9,12,1631764364
1,7,1632058364
3,3,1632498164
3,2,1631124764
9,12,1631753564
3,4,1631552564
0,4,1631871764
8,10,1631947964
0,3,1630778564
3,8,1630243364
2,1,1630417364
1,5,1630591364
4,4,1630374164
0,0,1632223364
8,2,1632413564
6,12,1630630964
14,7,1631928164
5,8,1632530564
1,2,1631132564
8,12,1631346164
14,8,1631919164
2,1,1632617563
6,7,1632345164
2,7,1632312764
1,2,1632150164
1,4,1632647564
3,4,1632328364
2,0,1630296164
3,10,1630449164
7,13,1630623164
6,3,1630688564
3,3,1632337364
3,8,1632522164
7,4,1631405564
0,0,1631879564
4,5,1632327764
0,6,1630833164
1,7,1631470964
11,6,1631422964
1,1,1632072764
2,3,1632086564
3,3,1631374964
10,12,1631246564
0,0,1632130964
2,11,1630995164
2,2,1630932764
4,12,1630971764
7,14,1632767564
1,14,1632576764
8,13,1631341364
3,17,1632042164
0,2,1632221564
3,4,1632097364
1,8,1631805764
3,0,1631384564
1,2,1631193764
6,12,1631856164
3,7,1631796764
5,14,1631595764
3,3,1631457764
7,2,1631440964
4,4,1630389764
0,4,1630184564
2,13,1631830364
7,8,1630904564
8,11,1631947364
10,8,1631670164
4,3,1632659564
1,0,1631206364
1,1,1631886764
8,6,1631557964
5,8,1632702764
0,9,1631791964
5,16,1632774764
8,13,1632763963
5,5,1631168564
1,12,1630486364
1,6,1632649964
7,7,1630881164
5,16,1632275564
1,1,1630311764
1,1,1632383564
1,3,1630933964
6,15,1631564564
5,2,1632658364
4,6,1630716164
7,8,1630890764
7,6,1631446964
1,3,1631701964
0,5,1632215564
2,2,1632335564
1,4,1632608564
5,16,1632804164
7,8,1630896164
1,1,1630171964
10,10,1632458564
10,5,1631428964
10,12,1631250764
10,12,1631239964
3,6,1630955564
7,7,1632684164
0,0,1632408164
3,5,1631143364
2,5,1630584164
1,1,1631208164
1,15,1632000764
10,12,1631241764
0,9,1632831164
3,3,1632087764
1,7,1631027564
3,6,1632059564
1,6,1632595964
4,6,1632327164
10,8,1631670764
1,5,1631546564
1,0,1632750164
2,1,1631538164
3,9,1632547964
3,7,1631476364
3,2,1630359764
0,1,1631113364
0,0,1632730364
1,4,1631519564
1,5,1631098364
9,8,1631313164
1,10,1630566164
5,16,1632797564
1,3,1631037164
1,9,1630572164
0,3,1632598964
1,3,1632604964
1,0,1630305164
3,17,1632289364
0,2,1630182164
1,5,1632295364
6,8,1631077364
8,8,1632376964
1,9,1631465564
1,11,1631786564
10,8,1631677964
3,2,1632664364
2,2,1630690964
2,2,1630936964
6,13,1631771564
0,1,1630317764
2,9,1631485364
6,8,1632162164
0,1,1630218764
5,9,1630243964
1,11,1632592364
12,8,1632372164
2,5,1631040164
0,1,1632673964
14,8,1631915564
4,9,1631295163
0,1,1631174564
3,2,1630360364
3,14,1631598764
1,15,1632010364
7,12,1630605764
4,18,1632034364
3,0,1630924964
10,12,1631235764
2,5,1630155164
0,0,1630694564
2,6,1632316964
0,2,1630181564
3,3,1630840364
9,3,1631430764
5,16,1632284564
4,4,1630382564
0,1,1632131564
0,6,1631301164
5,16,1632278564
5,2,1630423964
1,6,1630665764
2,7,1630233164
9,12,1631761364
6,13,1631849564
2,9,1632551564
1,1,1630942364
8,12,1632201164
1,6,1630726964
4,9,1630828964
2,8,1631293364
3,6,1630143164
4,4,1631710364
1,10,1631604164
3,1,1632620564
1,9,1631980963
2,4,1631459564
1,6,1630157564
4,10,1631821964
3,13,1630524164
2,4,1632319364
7,7,1630882364
0,1,1631116963
0,6,1631301764
0,5,1632068564
6,12,1630620164
1,3,1632321764
3,6,1632309164
9,12,1631231564
2,1,1630932164
1,5,1630792364
2,0,1632727963
0,4,1631094164
10,8,1631664164
5,16,1632270764
4,10,1630445564
6,8,1630859564
10,11,1632453164
5,16,1630531364
5,7,1630909364
0,2,1630203764
5,16,1632777164
0,1,1632731564
11,10,1632441164
4,3,1632661364
4,2,1631694764
0,0,1630698164
3,7,1630796564
0,11,1632835964
5,16,1632286364
1,4,1632609764
0,2,1632399764
6,13,1631845964
3,7,1630800764
2,9,1630657364
0,3,1632404564
1,1,1632071564
1,2,1632393764
3,7,1630798964
10,11,1631252564
2,7,1630737164
4,6,1632160364
2,5,1632754964
2,11,1631787164
1,3,1632606164
9,12,1632180764
1,6,1631105564
4,5,1631144136
0,2,1630271564
5,16,1632286964
9,5,1631414564
9,12,1631746364
5,8,1632696164
1,1,1630259564
2,3,1630365764
2,2,1630933364
4,2,1631695964
7,5,1630867364
1,11,1630565564
4,1,1631393565
3,2,1631539364
1,0,1632739964
2,2,1630934564
0,0,1631530964
12,8,1631909564
13,8,1632361964
0,3,1630186964
2,1,1632639764
8,1,1631896364
4,0,1632726764
0,2,1631616764
13,8,1631943764
6,8,1632691364
4,5,1630252364
10,11,1632444764
6,12,1630634564
1,2,1631119964
1,4,1632610964
2,13,1631273564
0,1,1631090564
4,0,1632726164
4,18,1632031964
2,13,1631272964
2,10,1630963964
3,10,1632573764
4,4,1630429364
5,16,1630546364
6,15,1631571764
0,7,1632330164
1,1,1630416764
9,12,1631745164
9,13,1630851764
0,0,1630306964
10,12,1631244164
2,7,1631461363
5,16,1630558364
3,16,1632807764
2,5,1630151564
1,8,1631464364
3,4,1632256364
5,10,1630248764
5,16,1630541564
2,11,1632205364
1,1,1630939964
7,12,1630636364
5,5,1631161364
3,0,1630399364
0,5,1632305564
8,8,1631661164
2,7,1631797964
1,3,1632482564
2,3,1630353764
5,13,1631842364
7,7,1631060564
7,11,1630643025
1,8,1631296964
2,13,1632049364
7,7,1631059364
2,4,1631137364
3,2,1630841564
9,2,1630686764
2,1,1631624564
1,10,1632834164
0,2,1631700764
0,0,1632247364
5,10,1630468364
1,0,1630166564
5,7,1630819364
7,13,1630625564
1,5,1631101364
4,8,1630135364
4,1,1632631964
1,2,1632148964
2,11,1631986964
1,8,1631478764
6,13,1631343764
10,5,1631224364
6,7,1631952164
0,1,1630213364
4,6,1630245764
3,8,1630999964
4,5,1631957564
5,8,1632706364
7,10,1631973164
1,12,1630491764
0,8,1630959164
0,2,1631701364
1,10,1632584564
1,12,1632825164
2,1,1631192564
1,5,1630787564
7,6,1630875164
0,1,1630322564
1,0,1632740564
0,0,1630696964
1,2,1630227764
10,8,1631671964
1,4,1631020364
2,4,1632644564
4,6,1630717964
0,4,1632208964
12,9,1632348164
1,0,1632675764
1,0,1631528564
7,12,1631332964
8,7,1630888364
1,1,1630341764
5,16,1632798164
6,12,1630619564
6,8,1631065364
2,18,1632017564
5,16,1630529564
5,15,1631584364
6,13,1630987964
3,0,1631386964
5,16,1632789764
1,12,1631467364
5,8,1632697964
2,5,1630911164
1,2,1630261964
2,0,1630411364
0,3,1630187564
9,12,1632177764
6,15,1631572364
5,5,1631160764
9,12,1631752364
1,6,1630666364
1,0,1631205764
9,12,1631232764
2,15,1632810764
1,0,1630413164
0,0,1631526164
3,10,1630446764
2,2,1630258364
0,5,1632243164
6,4,1630861364
1,10,1631466764
1,11,1632591764
2,9,1630569764
1,7,1631082164
4,8,1630242165
4,10,1630446164
1,7,1632758564
1,2,1630276364
5,16,1632274964
3,8,1632532964
4,18,1632023564
0,0,1631085164
9,12,1631230364
1,3,1630780364
1,9,1630573964
3,5,1631140964
1,8,1631808764
0,0,1632736964
1,1,1632424964
3,9,1631503964
3,4,1632101564
9,12,1632186164
10,3,1631905364
2,3,1632643964
1,2,1630774964
0,3,1631093564
9,12,1631768564
3,9,1632546764
1,0,1632741164
1,11,1632589364
1,5,1630947764
0,6,1632756764
6,12,1630618364
2,3,1632085964
0,0,1631524364
6,8,1631074964
14,7,1631929364
13,8,1632369764
7,12,1631327564
2,4,1630674764
1,4,1630594964
0,6,1632207764
10,12,1631236964
0,4,1631611364
9,12,1632178364
1,1,1630262564
1,0,1632386564
2,14,1631270564
2,5,1632241964
1,6,1630149164
3,3,1632087164
4,10,1632537764
1,7,1632570164
4,1,1632630164
12,8,1631911964
9,12,1632188564
1,4,1632324764
1,4,1631049764
1,3,1630775564
5,10,1630475564
7,8,1630893764
1,5,1630579364
6,15,1631574165
3,7,1631688164
6,9,1630477964
0,4,1632400364
2,13,1631829764
1,8,1631298164
0,1,1630207964
5,8,1632258164
8,12,1631730764
13,8,1631913164
1,5,1632237764
7,8,1630900964
3,1,1632621764
0,2,1630165364
5,7,1630817564
3,2,1631645564
0,4,1631094764
9,11,1631259764
1,12,1631280164
2,7,1631478164
1,4,1630673564
1,6,1632157364
2,8,1632550964
10,7,1632375164
3,3,1630231364
2,11,1631985164
2,3,1632498764
0,3,1632067964
2,3,1632497564
1,9,1630566764
0,0,1630224164
3,15,1631773964
1,6,1631107364
4,8,1632720164
1,1,1630935764
9,11,1631258564
1,10,1631025764
5,13,1631834564
0,2,1630191764
5,15,1631591563
4,7,1630130564
2,4,1630390364
3,7,1630504964
2,0,1631125364
5,13,1631843564
0,12,1631992364
6,13,1631844764
1,1,1630263164
2,0,1630400564
0,3,1631205164
1,10,1632585164
10,8,1631680964
0,13,1631779964
1,6,1631011964
0,1,1631179364
13,8,1632359564
2,3,1631038364
0,0,1632134564
1,6,1631034164
1,7,1631041364
8,6,1632434564
3,13,1630522364
5,16,1632794564
0,3,1632601364
4,4,1631718764
4,3,1631684564
8,5,1631409764
3,2,1632662564
0,0,1630331564
3,4,1631038964
3,0,1630395764
6,3,1631649164
4,4,1630381364
1,2,1632150764
5,16,1632277364
6,4,1631650964
3,1,1630345964
0,0,1632130364
2,8,1632517364
5,16,1630544564
5,16,1630547564
2,7,1631483564
1,1,1630349564
3,11,1631982164
4,2,1631712164
2,9,1632055964
14,8,1631919764
6,12,1630633364
2,2,1630285964
5,8,1632702164
2,7,1632516764
8,12,1631734964
7,7,1631061164
6,12,1630630364
8,5,1630866164
8,12,1631736764
6,10,1631968964
1,4,1632609164
9,12,1631233364
5,8,1632706964
11,8,1631679764
2,2,1632142964
3,1,1632636764
4,5,1631144564
3,4,1632112364
7,4,1631216564
4,10,1630453964
0,6,1630833764
9,12,1631764964
1,10,1630494764
9,12,1631758364
5,8,1632696764
0,5,1632304364
2,5,1630739564
3,7,1630795364
6,13,1631845364
0,8,1632594164
10,8,1631676764
1,4,1632082964
4,8,1632717164
6,11,1630608164
1,11,1630961564
5,1,1631439764
14,8,1631931764
3,3,1632089564
13,8,1632365564
3,5,1632721964
3,12,1631599364
1,4,1630672364
6,13,1630983164
5,8,1632703364
1,8,1631462564
1,3,1632066164
0,1,1631181164
0,2,1630195364
0,1,1630213964
1,8,1631806964
7,12,1630642364
10,1,1630685564
1,9,1631511164
0,9,1632594764
6,7,1631724764
8,4,1631215364
1,3,1632066764
4,4,1630379564
5,10,1630452764
0,5,1632303764
1,6,1631109164
1,15,1632003764
2,10,1631296364
5,8,1632531164
5,7,1631686964
1,4,1631135564
8,3,1630704764
3,4,1630597364
0,2,1631128364
2,6,1632509564
1,6,1630722164
2,3,1632334964
6,12,1631740364
5,12,1630482164
0,12,1632817964
3,3,1632090164
2,12,1632588764
1,0,1632226364
3,4,1632108764
0,1,1631617364
4,18,1632034964
2,9,1631352164
1,2,1632388364
0,4,1631305364
2,6,1631022164
2,1,1630774364
5,15,1631589164
8,6,1631656364
5,7,1632343364
8,12,1631338964
14,8,1631938964
1,9,1632827564
0,9,1632829964
3,8,1632531764
3,7,1630501964
1,6,1630728164
2,12,1632051164
2,0,1632249764
2,14,1631997764
1,4,1632297164
7,11,1630645964
0,3,1631182964
5,1,1632426163
1,1,1630309964
10,4,1631222564
5,15,1631581364
1,8,1630958564
6,6,1631632964
5,16,1632781964
2,3,1632506564
3,2,1630359164
0,8,1630959764
4,3,1630752764
2,9,1632313964
4,2,1631691764
5,8,1630478564
7,7,1630876964
1,17,1632045764
0,15,1632001364
1,1,1631114564
5,16,1630552964
3,9,1631291564
0,2,1630198964
0,0,1632735164
0,1,1630215164
3,9,1631293964
2,7,1631547764
1,0,1630226564
4,10,1630454564
5,6,1630437764
1,1,1632390763
5,2,1630424564
10,12,1631244764
5,14,1632265364
1,2,1631194364
3,8,1631352764
5,3,1631402564
7,12,1631326964
4,5,1630370564
0,3,1632604364
0,6,1632062564
1,14,1632576164
9,12,1631744564
9,10,1631325764
3,6,1632311564
4,10,1632539564
3,10,1630655564
5,16,1630559564
9,5,1631411564
0,7,1632570764
2,13,1631274164
8,0,1630684964
1,4,1631190164
2,4,1632233564
2,5,1630593764
2,9,1631606564
6,15,1631573564
0,0,1632409964
6,14,1632771164
10,10,1632439364
4,2,1632502364
1,7,1632515564
10,8,1631673164
9,12,1631761964
2,5,1632754364
0,11,1632837164
5,8,1630825364
3,0,1631623964
4,4,1630376564
9,12,1632183764
0,0,1632127364
9,4,1631893364
2,2,1630927964
10,9,1631227964
1,0,1630300964
5,8,1632699164
0,8,1632558164
2,5,1630155764
7,4,1631892764
3,14,1631596964
9,9,1631316164
3,3,1631115227
9,10,1631322764
7,9,1631726564
0,2,1630206164
2,4,1631204564
1,0,1630338764
0,1,1631178164
5,8,1632694364
3,4,1631458964
8,4,1631218364
8,11,1630853564
7,1,1630702364
4,1,1632630764
4,6,1632326564
0,2,1630203164
1,1,1632640964
3,18,1632019364
1,6,1631545964
1,9,1631004164
14,8,1631917364
3,5,1631139764
0,11,1632819164
1,3,1631520164
10,12,1631249564
0,3,1631092964
2,6,1630719164
0,0,1630306364
4,8,1630134164
6,12,1630632164
8,5,1631445764
2,17,1630561364
5,6,1631056964
4,17,1630560164
1,5,1631550764
5,15,1631589764
2,11,1630996364
1,5,1631867564
1,0,1632394964
1,6,1630947164
3,13,1630516964
7,3,1631362964
6,5,1632432164
3,2,1630422764
1,1,1630227164
2,7,1631041964
5,16,1632271364
0,0,1632125564
2,9,1631001764
8,4,1630863164
6,12,1630633964
9,12,1632192164
4,5,1631145164
1,11,1632053564
2,10,1631290364
13,8,1632363164
1,1,1631176964
4,6,1630255364
2,5,1630669364
1,3,1630585964
5,2,1630761164
5,10,1630451564
1,13,1631774564
10,11,1632457964
0,0,1630919564
1,4,1632117164
1,1,1631083964
3,4,1632100964
4,3,1630711364
1,4,1632650564
1,8,1631799164
2,2,1630403564
0,1,1631111629
2,7,1630500164
8,6,1632435164
6,8,1632688964
7,6,1631685764
5,13,1631832764
4,5,1631689364
6,6,1631629364
5,5,1631159564
2,9,1631497964
1,2,1632151364
0,0,1630918364
1,2,1631699564
5,16,1632285764
7,3,1631363564
4,9,1632544964
6,4,1631898164
2,9,1631290964
7,11,1630644164
2,7,1631553764
2,1,1630284164
1,1,1631522564
3,4,1632103364
8,12,1631737364
8,7,1631659364
4,9,1632545564
1,8,1632314564
2,7,1631515364
4,4,1630951364
1,6,1630727564
0,2,1632067364
2,7,1630499564
6,13,1630986164
3,0,1631211764
10,11,1632447764
7,3,1630708964
0,1,1631110964
0,12,1632822764
5,16,1630543964
3,8,1630136564
1,1,1630325564
0,0,1630692764
1,3,1630228964
3,10,1631983364
1,4,1630589564
3,11,1630968164
0,4,1631870564
5,9,1630650764
1,6,1630832564
4,10,1631824364
1,12,1632566564
6,8,1630858964
0,4,1632603164
5,16,1630530764
1,2,1631170364
5,16,1632788564
2,16,1630561964
1,5,1631517764
2,10,1630964564
1,8,1632519164
0,0,1630696364
2,5,1632155564
0,5,1631869364
6,13,1630988564
2,4,1631369564
1,15,1632048164
1,10,1632292364
5,10,1631990564
5,16,1632270164
0,1,1632398564
1,4,1631518364
0,13,1631283164
7,10,1632378764
1,0,1632747164
0,15,1632008564
0,5,1631015564
2,18,1632016364
6,12,1630632764
2,7,1632315764
3,5,1630154564
5,1,1631398364
1,2,1632073964
0,3,1632603764
9,11,1630611164
6,13,1630975364
2,0,1632146564
9,12,1631758964
0,3,1630779764
0,2,1630267964
14,8,1631925764
1,10,1631602964
2,1,1630287764
6,7,1630128764
1,7,1630574564
0,1,1631113964
0,0,1632395564
2,1,1630348964
1,1,1631683964
2,7,1630240964
5,10,1631989964
7,5,1630848164
3,12,1630994563
5,10,1630462964
8,6,1631557364
3,18,1632031364
1,5,1631046164
3,6,1630143764
1,5,1630593164
4,12,1630971164
6,8,1631067764
2,9,1631495564
3,8,1632521564
5,15,1631592164
0,2,1632064964
2,12,1631828564
5,6,1630872764
3,4,1632234164
2,2,1632500564
10,11,1632446564
5,16,1630557164
3,5,1631141564
9,12,1632178964
10,8,1631674364
0,10,1631006564
0,8,1632559964
0,5,1630254164
5,7,1630821764
4,9,1632543764
3,0,1630396364
1,2,1630945364
5,16,1632800564
0,0,1632486764
10,4,1631223764
1,4,1631189564
7,12,1630616564
0,0,1630221764
3,4,1632111764
1,4,1632597164
2,11,1631467964
6,14,1631563964
1,2,1631521364
3,7,1631796164
0,12,1631286164
8,8,1631311964
2,6,1630720364
2,7,1631482364
0,4,1632217364
2,8,1632520364
0,0,1631527364
6,1,1630701764
3,8,1631294564
3,3,1632094364
4,2,1631646164
3,13,1631268164
1,5,1630792964
6,13,1630622564
2,3,1630356164
5,16,1632805964
5,13,1630524764
4,3,1631709764
4,1,1631210564
1,3,1630676564
13,8,1632364364
0,2,1632219164
5,7,1630439564
0,10,1631817164
1,2,1631520764
0,1,1630266164
5,1,1632426764
4,4,1630255964
7,13,1630629164
1,6,1631104964
0,4,1632243764
1,6,1630729964
6,12,1631854964
8,12,1631335364
5,7,1630821164
1,0,1632407564
3,3,1632653564
0,7,1631029364
1,14,1632048764
0,4,1631611964
1,5,1630590764
0,9,1630960364
5,7,1630813364
0,2,1631878364
3,6,1630954964
3,2,1632499964
0,2,1632151964
1,3,1632139364
3,8,1631000564
0,1,1630215764
2,1,1632070964
6,8,1631065964
4,7,1632257564
5,11,1631968364
1,2,1631700164
5,5,1631147623
2,13,1631829164
4,5,1630717364
3,11,1631985764
7,12,1630614164
1,2,1630279964
2,7,1630734764
2,1,1632639164
0,10,1631789564
2,9,1630570364
2,14,1632046964
9,4,1631221964
7,4,1631214764
1,7,1631028164
13,8,1632370364
7,3,1630708364
4,1,1632633164
3,10,1630656164
9,12,1631751764
3,9,1631554364
1,2,1630278164
1,0,1630771364
1,1,1630172564
3,6,1632471764
8,7,1631631164
2,10,1632573164
0,0,1631531564
1,2,1631129622
4,0,1631386364
2,0,1631382164
1,5,1630788764
0,0,1631529164
2,9,1630569164
9,6,1630864364
6,12,1632204164
1,4,1631133764
4,3,1630428764
7,14,1632765764
0,0,1631526764
3,2,1631538764
4,4,1631716964
1,9,1632552164
1,0,1630297964
0,9,1631025164
1,1,1630939364
2,6,1632472364
0,2,1630275764
8,5,1632433964
0,11,1632586364
1,9,1630576364
5,15,1631562764
4,10,1630830164
1,10,1631815364
3,5,1632240164
9,12,1631256764
1,1,1631884964
1,4,1631052764
3,5,1632339164
9,8,1631314964
3,5,1632339764
10,8,1631667764
10,12,1631234564
0,1,1632129764
5,16,1630542164
8,5,1631408564
4,3,1632658964
8,12,1631346764
1,4,1632331364
5,13,1631835164
4,2,1631214164
0,2,1630272764
3,8,1631354564
3,10,1630447364
1,0,1630167164
6,3,1630689164
9,12,1631754764
3,18,1632030164
3,8,1632760364
0,0,1630303964
7,8,1630896764
1,8,1631026964
0,0,1632405164
10,4,1631220164
10,12,1631239364
1,2,1631089364
2,9,1631499164
7,8,1630905164
4,3,1632654164
1,1,1630310564
1,1,1632137564
4,10,1632542564
11,3,1631904764
2,4,1631516564
3,7,1630512164
4,4,1630373564
1,12,1632565964
2,7,1630506164
0,11,1631785364
3,4,1630435364
6,8,1631070764
2,1,1632420764
1,9,1630495364
3,4,1632114764
0,1,1631112764
4,10,1632538364
7,12,1631732564
4,9,1630829564
5,16,1632274364
9,9,1632436964
5,11,1630647164
1,3,1630587164
1,0,1631086964
9,12,1631767964
11,10,1632443564
2,4,1632234764
1,6,1630497764
5,10,1630459964
9,12,1631769164
9,8,1632376364
4,11,1630969364
13,8,1632354764
8,7,1631559764
5,16,1630546964
10,12,1631237564
0,10,1632568364
2,2,1631193164
10,8,1631677364
7,11,1631970163
6,6,1630908764
6,15,1631568764
1,5,1631103764
6,13,1630984364
1,5,1631306564
2,4,1632242564
4,3,1631123564
7,12,1632166364
1,2,1631037764
3,7,1630801364
5,5,1631959364
4,2,1630767764
3,7,1632720764
4,4,1630381964
8,3,1631899964
1,13,1631995964
3,8,1631355164
1,4,1631051564
4,10,1630455764
9,5,1631412164
6,13,1630990964
1,1,1632480164
0,0,1631084564
5,16,1630536764
3,3,1631122964
1,4,1631371964
3,2,1631457164
2,10,1631295764
2,0,1630681364
7,13,1631729564
0,13,1631782364
2,3,1631889764
2,3,1632085364
5,5,1631162564
7,11,1631262764
7,12,1631334164
4,5,1632342164
0,2,1631614964
4,2,1630257764
10,12,1632172364
0,0,1630176164
7,12,1630607564
4,6,1630433564
4,18,1632036164
6,7,1632687164
1,0,1631618564
2,7,1630737764
10,8,1631674964
1,3,1632119564
5,11,1632165164
5,10,1630464164
3,3,1632660164
3,7,1631553164
0,2,1630196564
7,4,1631685164
5,7,1630810364
10,8,1631671364
5,13,1631349764
1,10,1630572764
2,5,1630745564
3,2,1631455364
1,1,1630350164
1,1,1630160564
5,2,1632428564
1,8,1632571964
6,7,1632688363
5,2,1630842164
0,2,1631614364
2,5,1631138564
4,7,1630804964
2,4,1630368164
0,1,1632120164
3,1,1632619364
8,5,1631409164
0,3,1632613364
0,5,1632303164
4,4,1630387964
0,0,1630308164
0,4,1632216764
0,11,1632818564
4,4,1630386764
13,8,1632351164
8,12,1632200564
5,16,1630554764
3,7,1630801964
5,16,1632805364
0,2,1630267364
7,8,1630897964
0,0,1632136364
5,10,1630470764
7,8,1630905764
5,8,1631077964
5,6,1630437164
7,7,1632682964
1,11,1630492364
3,5,1631139164
3,9,1631506364
2,2,1632752564
4,10,1631823164
11,6,1631423564
6,8,1631073164
2,2,1631379164
1,2,1632389564
10,12,1632177164
0,14,1631282564
2,6,1630144364
1,5,1632753164
2,6,1630507364
2,9,1631491964
4,3,1632654764
3,1,1631212964
4,10,1632536564
0,9,1632829364
1,0,1630772564
1,1,1630281764
5,7,1630811564
5,15,1631591018
2,11,1632824564
4,2,1631693564
7,5,1631361164
1,13,1632575564
6,7,1630246364
0,1,1630314164
0,5,1631014364
3,12,1631350364
1,1,1630341164
8,12,1631734364
2,2,1631201564
0,3,1630183364
1,0,1630300364
1,9,1632572564
3,2,1630169564
0,0,1630224764
10,4,1632414764
4,8,1630138364
2,6,1630721564
3,2,1631458364
3,3,1632325964
3,9,1630442564
4,7,1630806164
10,4,1630849364
6,6,1631058764
2,6,1630506764
0,0,1632121364
6,13,1631770964
0,1,1630223564
1,16,1632012764
2,4,1630953764
3,4,1632114164
6,1,1630700564
1,3,1632652364
10,12,1631240564
5,13,1630973564
6,8,1631071364
1,15,1632006164
4,8,1632523364
9,11,1631229764
1,4,1632324164
2,11,1632052364
3,0,1632676964
9,12,1631756564
0,0,1632126764
1,2,1630319564
1,13,1631277764
1,12,1632815564
7,11,1631262164
5,10,1630467764
4,2,1631391164
10,12,1631245964
2,4,1632671564
2,14,1630564364
9,12,1631752964
14,8,1631939564
1,10,1632832964
4,10,1632540764
1,2,1631131964
4,13,1631832164
5,16,1632795764
9,8,1632375764
9,9,1632462164
4,7,1630132964
1,15,1632001964
0,6,1632238365
3,4,1632321164
5,16,1632271964
5,7,1630810964
8,9,1631560964
0,1,1632075164
5,16,1632790964
3,7,1631548364
0,1,1631179964
9,12,1631748764
5,16,1632276164
2,5,1630952564
3,1,1632622364
5,3,1631397763
0,9,1631607164
0,0,1630333364
5,16,1632285164
0,2,1631882564
2,10,1631814764
4,11,1630654364
1,6,1630723364
1,9,1630567964
0,0,1630916564
4,8,1630138964
6,10,1630476164
4,11,1630993964
3,9,1630443764
1,1,1631172164
3,18,1632021164
8,4,1631406764
2,6,1632159764
12,8,1632371564
0,9,1632590564
5,16,1630557764
7,8,1630892564
7,7,1632682364
0,1,1630323164
5,5,1631954564
7,1,1631437964
5,16,1632273164
1,11,1630491164
7,7,1631059964
9,12,1631743364
5,16,1632283364
2,4,1631137964
5,4,1630846964
1,5,1632297764
10,12,1632175364
4,4,1632466364
4,5,1631716364
8,9,1631319764
4,1,1630768964
5,8,1632526364
5,2,1631441564
4,1,1632635564
0,9,1632830564
5,4,1631359964
0,5,1632306764
14,8,1631917964
5,2,1630426364
2,4,1630948964
4,3,1631710964
5,3,1631401964
1,2,1630838564
1,8,1630575164
0,11,1632821564
0,3,1632613964
8,12,1630852964
2,5,1630156364
10,12,1631242364
5,10,1630460564
3,8,1630135964
8,12,1631733164
10,12,1631243564
5,7,1630812164
0,9,1632558764
3,4,1632099764
9,12,1631746964
1,12,1632814364
4,3,1630753964
1,11,1630962164
8,12,1631733764
1,3,1630158764
1,8,1632553964
6,13,1630980164
3,1,1632501164
2,4,1632323564
3,1,1630392164
0,1,1631878964
0,2,1630206764
10,11,1632452564
3,5,1631142764
9,6,1631419364
0,13,1631993564
2,9,1631002364
1,8,1632517964
0,4,1632208364
1,4,1631017364
4,2,1631694164
1,1,1631186564
1,2,1630336964
1,0,1632485564
5,16,1632787964
2,12,1631826764
4,8,1630134764
0,1,1630165964
6,14,1632766964
10,8,1631668364
5,16,1632784364
9,12,1631767364
3,1,1631644964
2,0,1631382764
1,0,1631126564
4,3,1630846364
1,1,1632397964
8,11,1631727764
1,11,1632834764
1,3,1630782764
6,4,1631443364
0,1,1630327364
4,4,1630429964
12,8,1632373364
1,3,1632076964
3,7,1631473364
7,13,1630628564
0,5,1631308364
2,9,1630661564
9,12,1631759564
2,9,1631488964
3,7,1630503164
1,4,1632645764
8,5,1631655164
4,5,1630794164
7,8,1630895564
5,5,1631158964
5,8,1632528164
6,12,1632165764
3,3,1632505364
1,10,1631004764
1,8,1631609564
9,3,1631894564
1,6,1632649364
8,12,1631339564
9,7,1631559164
14,8,1631926364
3,18,1632035564
1,5,1630590164
2,1,1632410564
1,1,1631127164
6,13,1630977164
5,2,1630765364
7,13,1630624964
2,9,1631811164
3,2,1631625764
2,7,1630738364
2,1,1630401764
1,0,1632484964
5,16,1630555964
1,4,1630786364
5,10,1630469564
5,10,1630452163
5,7,1630806764
1,2,1630678364
0,0,1631085764
6,7,1631062964
8,12,1631736164
5,9,1631859764
6,7,1630126667
4,3,1631376164
2,4,1631718164
3,11,1632204764
2,7,1630240364
1,0,1631173364
2,6,1631103164
0,1,1632129164
4,4,1631167364
6,7,1630809163
6,14,1632771764
5,16,1630548164
1,5,1632214364
6,13,1631847164
7,12,1631349164
0,13,1631778764
1,0,1630410164
6,8,1632761564
4,5,1632465764
10,12,1631248964
8,12,1631738564
6,8,1631066564
2,3,1632668564
4,8,1630133564
1,7,1631031764
5,3,1631395964
0,2,1632075764
4,12,1631965964
0,8,1632560624
1,6,1630729364
5,12,1630480364
1,5,1630790564
1,2,1630320164
1,5,1632755564
10,9,1631227364
1,8,1631864564
10,5,1630863764
5,3,1631436764
2,2,1630402364
10,11,1632445964
1,4,1631014964
7,0,1630684364
9,12,1631762564
5,13,1630992164
8,4,1631654564
1,13,1631278964
5,5,1631156564
9,9,1632437564
1,1,1630174364
2,7,1631474564
4,4,1630710764
6,15,1631568164
1,1,1630770164
14,8,1631937163
8,12,1631735564
3,8,1631961764
3,0,1630393364
0,0,1632489764
5,7,1630809764
4,10,1632541964
3,4,1630435964
9,13,1632168164
0,4,1632209564
6,7,1631629964
1,1,1630941164
1,6,1631011364
5,15,1631579564
7,12,1631256164
8,8,1632463364
3,1,1630420364
4,8,1630242764
2,7,1632516164
2,9,1631493164
0,3,1632600764
0,5,1632300764
4,4,1631956364
10,12,1631241164
1,11,1631287964
6,15,1631566964
2,0,1630294364
5,16,1632787364
4,1,1630751564
0,6,1631034764
2,2,1631209364
1,0,1630178564
5,3,1631442164
1,3,1630587764
1,5,1630671164
9,12,1631763764
3,4,1632255764
6,8,1631069564
9,5,1631415764
2,12,1632823364
3,12,1632813164
5,13,1631833364
2,2,1632336764
0,2,1632217964
6,3,1631648564
1,2,1631130164
4,10,1630457564
1,4,1632495164
1,9,1630573364
3,2,1632663764
2,5,1632723164
2,4,1631374364
0,3,1632612764
1,5,1632669163
1,3,1630780964
1,0,1631453564
5,16,1632280364
5,5,1631959964
1,0,1630915964
4,2,1630426964
1,10,1631860964
3,4,1632100364
1,3,1630781564
1,12,1632562964
6,8,1631073764
6,7,1631952764
0,1,1630323764
2,2,1630402964
7,13,1630623764
2,0,1630699964
3,6,1631472764
0,0,1632223964
3,1,1632619964
1,5,1631704364
3,3,1630360964
5,16,1630536164
3,4,1632318164
13,8,1632368564
14,8,1631932964
3,7,1632759764
3,4,1632108164
1,1,1632144164
5,7,1630822364
3,1,1631380964
11,9,1632347564
3,2,1631385764
5,3,1631647364
3,8,1630909964
5,12,1630480964
2,0,1631173964
6,8,1632690164
5,10,1630465964
2,2,1632393164
6,12,1632203564
9,12,1631338364
9,8,1631314364
4,14,1631596364
5,8,1630907564
5,8,1632525164
4,7,1630510964
6,13,1630990364
8,7,1630886564
3,12,1630518764
1,5,1632214964
1,9,1632591164
2,1,1632391964
0,11,1630960964
1,1,1631888564
2,2,1630391564
0,4,1630186364
0,4,1630188764
3,3,1631375564
5,14,1631563364
3,4,1632109364
2,0,1630291364
2,14,1631998364
4,8,1632714764
2,4,1632115964
1,4,1630588964
4,8,1632716564
0,1,1632128564
0,2,1630201364
1,12,1630483964
1,4,1632648164
3,3,1631708564
2,6,1632156164
5,5,1631146964
1,4,1630785764
5,15,1631583817
4,7,1632379364
3,7,1630799564
3,7,1632721364
0,5,1632302564
1,1,1630161164
5,5,1631054564
3,9,1630441964
0,2,1630270964
2,9,1631494364
11,9,1631228564
7,9,1632762764
1,2,1632483764
1,0,1630335164
5,5,1631169164
5,8,1632523964
7,7,1632683564
4,4,1630377164
10,12,1631238764
4,3,1631365964
1,4,1630953164
14,8,1631918564
7,6,1630874564
3,9,1631554964
2,8,1632313364
1,6,1630728764
5,8,1632525764
4,1,1630750964
5,16,1630549364
0,3,1631877164
14,8,1631924564
3,1,1630926764
6,3,1631897564
0,1,1631612630
5,1,1630762364
4,12,1630970564
3,5,1630434764
8,12,1630612364
1,5,1631044964
0,0,1631196164
8,13,1631340764
1,8,1631032364
8,12,1631334764
10,12,1631238164
0,3,1630776764
10,11,1632450764
2,3,1630355564
5,10,1632258764
0,1,1632396764
1,6,1630831964
2,1,1631625164
3,3,1632094964
3,0,1631385164
1,15,1632009764
1,6,1631021564
0,3,1632479564
6,4,1631167964
3,8,1632522764
10,5,1631893964
2,13,1631599964
1,4,1630592564
1,4,1630672964
1,3,1632118964
4,5,1630371764
5,11,1630646625
9,12,1632179564
8,12,1631340164
0,5,1631016764
6,7,1630246964
4,10,1631822564
0,5,1630743164
0,8,1632559364
1,8,1630957964
2,9,1631487164
13,8,1632353564
3,4,1631719364
4,1,1632633764
4,8,1630140764
4,1,1632628364
1,0,1632226964
2,7,1631479964
4,18,1632032564
7,8,1630901564
3,1,1630346564
1,4,1631134964
10,12,1632171764
2,6,1630718564
3,4,1630747964
6,2,1630759364
4,6,1630599764
4,4,1630389164
2,3,1630427564
10,8,1631678564
7,5,1630867964
6,3,1631891564
1,5,1630150964
4,1,1632625964
2,14,1631600564
2,0,1630931564
5,7,1630814564
4,10,1630458764
7,2,1631433764
3,9,1631803964
3,3,1632092025
1,0,1632742364
4,1,1631364764
9,12,1632182564
8,11,1631260964
1,8,1631610164
0,8,1632571418
4,18,1632040364
3,9,1632547364
5,2,1630425164
8,4,1632415364
0,5,1630741964
4,1,1632419564
9,13,1630851164
1,8,1632206564
1,13,1631284964
0,0,1630921964
9,12,1632198764
1,2,1632493964
6,15,1631572964
2,14,1631998964
2,9,1631494964
12,7,1631907764
10,11,1632453764
4,18,1632040964
2,3,1631121164
1,12,1631289164
3,12,1630516364
3,3,1632088964
2,13,1631276564
5,13,1631839364
1,13,1631281964
3,7,1631449364
0,1,1630216364
0,5,1632301364
7,1,1630757565
3,2,1631455964
1,11,1631785964
1,4,1630582964
0,4,1631096564
4,7,1630805564
5,15,1631587964
0,5,1631307764
0,1,1630328564
1,7,1630509164
12,8,1631910164
8,6,1631656964
0,8,1631799764
2,2,1632751964
5,8,1632704564
4,8,1632711764
5,16,1632279764
1,8,1632552764
0,0,1631527964
2,11,1631979164
2,4,1632334364
4,9,1632544364
5,16,1632804764
2,10,1631351564
2,1,1632640364
2,8,1632520964
9,12,1631745764
1,1,1631188964
0,15,1632006764
3,1,1632622964
9,11,1631769764
0,0,1630920764
13,8,1631913764
3,18,1632026564
7,7,1630876364
4,6,1631721764
6,6,1631057564
8,7,1630890164
2,9,1632056564
3,18,1632028964
1,8,1632055364
3,18,1632018764
5,16,1632281564
1,0,1630680764
4,9,1630250564
11,6,1631428364
3,5,1632722564
1,5,1631637764
1,9,1631469764
6,13,1630975964
0,9,1631033564
0,1,1631178764
1,9,1630570964
8,10,1632202364
1,0,1632746564
6,12,1630631564
1,1,1632385964
0,3,1631881964
1,5,1631638364
8,11,1631263364
1,0,1630338164
1,0,1630179764
1,5,1632298364
3,7,1630999364
1,0,1630416164
5,11,1631988764
0,1,1630211564
4,17,1632038564
6,4,1630861964
3,3,1631889164
4,4,1630375964
2,7,1630237964
5,10,1630461164
6,8,1631072564
4,9,1632535364
10,11,1632451364
3,14,1631269964
6,2,1632724364
0,0,1632133364
3,0,1630347164
2,7,1630500764
2,0,1631622764
9,3,1631430164
0,0,1631530364
0,8,1631009564
7,12,1630639364
4,4,1632469964
1,9,1632583964
7,12,1631254364
5,10,1630651364
1,13,1632564220
1,5,1632298964
0,3,1632597764
4,8,1632533564
6,3,1631647964
8,10,1631972564
0,4,1632476564
7,2,1632418364
7,12,1630637564
1,6,1631043164
6,15,1631575964
6,11,1630608764
1,7,1630496564
1,1,1631185964
8,3,1631406164
0,4,1630189964
2,7,1631042564
0,2,1632222164
1,1,1632490364
1,8,1630662764
0,1,1632127964
2,0,1630296764
2,6,1632316364
1,2,1631884364
1,13,1632049964
1,2,1631127764
2,13,1631271764
3,0,1630926164
5,1,1631398964
8,4,1631653364
2,6,1632510164
5,16,1630556564
4,8,1632718964
0,5,1630741364
0,3,1632063164
2,1,1630288364
4,4,1630369364
1,5,1630666964
3,13,1631268764
4,5,1630432364
1,1,1632391364
1,10,1631469164
7,3,1631900564
6,5,1631953964
5,10,1630471364
0,0,1631683364
0,4,1631095964
0,4,1632475364
0,2,1630204364
0,0,1631532764
2,9,1630660964
1,8,1631466164
0,0,1632133964
4,3,1631541764
7,13,1630627364
2,7,1632058964
3,9,1631499764
1,5,1632294764
3,5,1631142164
3,18,1632020564
5,10,1630462364
3,10,1632826964
5,7,1630819964
3,1,1632637964
1,16,1632011564
1,2,1630278764
2,9,1631492564
11,6,1631425964
0,0,1630918964
5,16,1630540364
0,1,1631091164
7,8,1630898564
1,7,1631299964
1,0,1630179164
3,4,1632337964
1,7,1630578164
2,7,1630233764
5,7,1630818764
12,8,1632349964
5,2,1632429164
0,6,1630740764
0,8,1631512964
1,7,1632556364
2,7,1631634164
1,1,1631886164
6,10,1630476764
3,6,1632310964
0,4,1632400964
4,7,1630132364
6,8,1631310764
0,4,1631872364
12,7,1632374564
3,3,1630362164
1,8,1630957363
1,0,1630415564
1,0,1632741764
5,1,1631400164
0,0,1631086364
2,2,1630844564
5,16,1632785564
7,4,1630847564
5,1,1631439164
1,9,1631464964
2,6,1631795564
13,8,1631912564
3,0,1631620964
0,0,1631682164
3,4,1632102764
0,7,1631801564
1,1,1630311164
2,7,1631482964
5,3,1631401364
8,11,1631264564
1,12,1632814964
6,4,1631650364
0,0,1632488564
0,14,1631775764
3,7,1630509764
1,16,1632290564
2,0,1632728564
3,4,1632105164
7,3,1632412364
2,3,1630356764
1,12,1632575027
5,14,1630525364
0,1,1632147164
14,7,1631943164
4,5,1630372364
1,10,1632825764
10,8,1631313764
0,2,1631181764
5,3,1632468164
3,6,1632060764
1,0,1630414364
5,16,1632280964
1,5,1631865764
0,1,1630212764
1,17,1632289964
4,0,1630396964
0,5,1631873564
6,12,1630605164
5,8,1631309564
2,9,1631486564
5,8,1631722964
2,0,1630773764
9,12,1632198164
5,15,1631586164
0,0,1630163564
2,3,1630354364
0,9,1631008964
1,0,1630167764
0,0,1632487364
1,10,1632580964
2,9,1631500964
2,2,1632651164
2,3,1632507164
5,13,1631841164
6,11,1630609364
0,2,1631883164
14,8,1631938364
6,13,1631851964
6,13,1630980764
1,0,1630330364
5,1,1630756364
0,3,1632231764
0,4,1630185764
7,12,1631347964
2,10,1631605964
6,6,1631631764
4,12,1630519364
0,0,1630317164
4,4,1630385564
6,8,1631310163
0,1,1630219963
1,0,1630225364
0,3,1632220964
11,4,1631905964
1,6,1632513164
4,9,1631962964
8,8,1632463964
7,7,1630880564
5,3,1631376764
1,0,1630299164
5,8,1632524564
1,18,1632045164
5,16,1630550564
7,14,1632768164
2,7,1631023364
1,3,1632149564
2,9,1631979764
4,2,1631692364
3,3,1632664964
8,9,1631316764
1,2,1630419164
7,7,1630882964
6,12,1631854364
1,15,1632010964
4,5,1630251764
6,8,1631067164
0,4,1632220364
2,8,1631484764
7,5,1631632364
7,5,1630848764
5,16,1630542764
6,15,1632766364
0,1,1630318364
9,12,1631766764
5,15,1631580764
6,12,1630618964
9,9,1632378164
1,2,1632147764
0,0,1630305764
1,13,1632563564
2,14,1632046364
3,10,1631820764
1,4,1632082364
0,2,1632074564
7,2,1632417764
3,2,1632411164
2,3,1632382364
10,11,1632449564
1,2,1630280564
7,13,1630626764
1,12,1632817364
3,7,1630797164
4,1,1630392764
5,16,1632268964
8,5,1631407964
1,3,1631197964
9,3,1631431364
10,9,1631226764
5,8,1632700364
4,1,1632625364
3,5,1630747364
8,5,1630870364
0,3,1632600164
1,6,1630664564
0,1,1630214564
7,12,1630617764
1,4,1632331964
7,7,1630879364
1,4,1630785164
7,11,1631561564
5,10,1630471964
4,5,1631627564
3,3,1631713364
0,1,1631887964
3,5,1632254564
1,2,1631133164
1,6,1632511364
4,10,1630458164
5,14,1631594623
6,13,1631341964
3,1,1630401164
4,4,1630748564
4,5,1631165564
4,8,1630139564
6,12,1631853764
0,2,1630201964
1,7,1632293564
6,15,1631565164
5,16,1632798764
4,3,1631367164
3,18,1632029564
3,3,1631121764
5,16,1632283964
0,2,1630944764
2,9,1631003564
4,11,1630653764
5,8,1632707564
0,1,1631119364
4,1,1632678764
6,4,1631443964
1,2,1631184764
0,4,1632401564
9,5,1631412764
3,7,1630503764
6,13,1631848364
1,1,1632751364
7,12,1630641764
0,2,1632138764
0,4,1631199164
1,7,1631023964
2,2,1631203964
3,13,1631275964
2,16,1630563764
0,1,1630313564
2,7,1630238564
0,2,1630204964
5,16,1630554164
4,10,1630651964
3,5,1632340964
3,1,1632618764
0,5,1632330764
5,16,1630537964
10,12,1631257364
3,11,1630654964
4,10,1630653164
3,4,1632104564
8,12,1631728364
2,6,1632472964
1,4,1631703164
2,7,1631515964
2,4,1631109764
0,0,1632737564
0,0,1632124964
1,1,1632642164
6,10,1632260564
1,1,1630171364
2,4,1630675364
2,2,1630677764
2,0,1630399964
2,5,1632753764
6,11,1630603964
1,1,1630170164
2,4,1632645164
1,1,1632229964
5,16,1632801164
13,8,1632355964
0,1,1630266764
1,0,1632228164
1,0,1632229364
0,1,1632406964
2,9,1632057164
3,11,1630965164
3,11,1630966364
0,12,1632588164
5,5,1631155964
6,15,1631570564
2,6,1630145564
1,4,1631017964
2,0,1631125964
13,8,1632361364
1,4,1632474764
4,10,1631825564
5,16,1630539164
0,5,1630742564
1,2,1631131364
2,3,1632083564
5,16,1630543364
5,16,1632796364
2,9,1631803364
5,15,1632266564
7,11,1630645364
2,10,1630962764
0,0,1631529764
9,4,1631221364
0,0,1630917764
8,2,1632412964
0,8,1631024564
0,13,1631776964
1,6,1631108564
5,10,1630473764
1,11,1630492964
2,12,1631827964
5,16,1632793964
6,8,1631311364
2,17,1630560764
5,16,1632272564
1,0,1632492164
5,11,1631265164
1,10,1632592964
4,2,1631540564
5,8,1630906964
2,4,1630366964
14,8,1631916764
3,5,1632341564
2,1,1632618164
2,5,1630591964
2,11,1631350964
4,7,1630131164
11,10,1632442964
5,7,1631308964
7,8,1630891964
11,6,1631424764
1,6,1630722764
2,3,1632505964
2,1,1630927364
6,8,1630858364
0,1,1632732164
5,16,1632799964
5,2,1630763564
1,1,1632750764
1,8,1631356364
1,8,1631461964
1,2,1632673364
0,3,1630776164
0,14,1631776364
0,13,1631783564
6,15,1631569964
0,3,1631182364
1,1,1632616964
4,4,1630377764
8,12,1631337164
10,11,1632456764
10,11,1632447164
0,5,1631046764
1,1,1632390164
2,4,1630366364
2,9,1631858564
3,16,1630562564
0,6,1632508364
5,5,1631160164
5,5,1631151764
0,8,1631816564
1,11,1630494164
1,10,1631806364
0,1,1630912964
10,11,1632444164
1,6,1630148564
3,8,1632310364
2,2,1631377964
3,9,1631500364
3,6,1630714364
13,8,1632367964
5,13,1632264164
0,0,1631118164
5,15,1631578964
13,8,1632352364
5,16,1632777764
3,10,1631983964
3,11,1631266963
1,16,1632012164
5,8,1630908164
4,2,1632657764
3,2,1632656564
3,8,1632532364
1,9,1631808164
9,10,1631322164
2,1,1631202764
13,8,1632358964
1,9,1631863964
1,6,1632061364
3,18,1632021764
8,12,1631974364
10,8,1631663564
7,12,1631344964
2,5,1631098964
5,16,1630537364
0,2,1632399164
1,3,1631036564
7,8,1630903364
13,8,1632352964
2,3,1630584764
0,10,1631790164
0,4,1630743764
6,9,1631555564
1,5,1632295964
1,6,1632157964
5,16,1632801764
4,3,1631365364
3,18,1632019964
8,4,1631215964
1,4,1630670564
0,8,1632561164
1,2,1632148364
1,1,1631176364
0,10,1632828164
2,2,1630390964
3,7,1630802564
3,9,1632548564
7,7,1630883564
5,16,1632802964
2,0,1630295564
1,1,1631523164
2,7,1631484164
8,7,1631556764
0,0,1632739364
4,11,1630968764
1,5,1632211964
7,12,1631330564
4,0,1632727364
1,0,1630299764
3,17,1632014564
1,5,1631703764
7,12,1631333564
13,8,1632366764
6,13,1630982564
2,1,1631208764
1,6,1632555764
1,2,1632496964
2,2,1630929764
0,15,1632007364
3,4,1632097964
1,5,1631794964
4,10,1632541364
5,16,1632786764
8,6,1630864964
5,8,1630827164
0,4,1630945964
4,1,1632631364
5,12,1630604563
0,0,1630162964
10,3,1631901764
2,2,1630352564
8,4,1631681564
1,7,1632239564
2,10,1632051764
7,13,1630615964
0,0,1630265564
0,2,1632423164
6,7,1631723564
1,5,1631705564
3,0,1632678164
0,4,1632216164
0,1,1630914164
5,16,1630551164
4,10,1632537164
1,7,1631471564
2,7,1631473964
0,11,1632567831
3,0,1630924364
6,13,1630978363
10,11,1632454364
0,0,1632123764
0,4,1632402764
4,6,1630714964
5,16,1632782564
5,7,1630816964
3,7,1630798364
10,12,1632168764
1,1,1630940564
2,4,1630231964
1,6,1631865164
11,9,1632346964
6,15,1631577164
3,4,1630749764
8,12,1631335964
6,12,1630620764
10,12,1631245364
7,8,1632161564
14,8,1631933564
3,11,1632261764
6,7,1632686564
5,8,1630857764
1,10,1631809364
2,5,1631053364
1,0,1631619164
4,3,1632661964
4,0,1630168964
1,1,1631452964
8,3,1630705364
7,8,1630900364
1,0,1630177364
5,6,1631056364
3,13,1630523564
4,16,1630528364
14,8,1631934764
2,0,1630923164
7,12,1631329964
5,13,1631833964
5,13,1631836964
3,10,1630448564
5,16,1630549964
9,12,1632192764
9,12,1632187964
3,5,1632253365
5,13,1631837564
1,6,1631013164
0,6,1631875364
5,13,1631840564
9,10,1631323964
3,0,1631623364
5,5,1631154764
3,11,1632574364
3,3,1632667364
2,7,1630831364
1,4,1631358164
1,16,1632043964
9,4,1631429564
6,7,1632687764
2,1,1630936364
2,7,1631022764
8,12,1631973764
6,13,1631847764
1,7,1632556964
1,6,1631106164
7,7,1630879964
5,16,1630534964
1,5,1631104418
8,8,1631659964
6,3,1631434364
2,1,1632069764
7,12,1631331764
6,13,1630986764
0,2,1630197764
5,15,1630527164
1,2,1630279364
5,10,1632162764
1,9,1630571564
0,2,1632423764
4,1,1631456564
4,1,1631389964
6,7,1631064164
3,4,1632107564
0,2,1630272164
3,14,1631773364
0,2,1630326164
7,13,1631731364
1,4,1631518964
1,14,1632050564
4,7,1631633564
1,4,1631050964
1,4,1632116564
3,6,1630950164
5,7,1630824164
13,8,1632350564
0,9,1631607764
2,7,1630734164
3,0,1630397563
2,8,1632315164
5,2,1630764764
4,4,1630369964
2,9,1631506964
1,11,1631602364
5,10,1630473164
9,12,1632196364
1,8,1632518564
5,5,1631153564
1,3,1630677164
9,12,1631757164
3,3,1632095622
0,0,1632123164
3,18,1632030764
5,16,1632287564
4,7,1630803164
6,8,1631068964
3,1,1631454764
1,17,1632044564
2,4,1630744364
6,3,1632467564
4,1,1630761764
9,12,1632194564
2,7,1630147964
6,12,1630635164
0,13,1631781164
5,5,1631154164
8,4,1631218964
9,8,1630850564
4,4,1630378964
11,6,1631427164
5,4,1631436164
1,1,1632230564
0,1,1630208564
2,3,1631371364
2,13,1631831564
5,16,1630558964
0,4,1630185164
2,7,1631481764
0,3,1630691564
3,1,1632623564
1,2,1631551364
1,4,1631640164
4,8,1632719564
1,0,1630298564
9,12,1632191564
1,10,1631605424
1,8,1631807564
1,6,1632514364
2,3,1630353164
2,13,1631272364
1,1,1630161764
3,0,1630925564
7,7,1630884164
2,1,1631170964
9,12,1632181964
8,4,1631362364
1,8,1630236764
5,16,1632279164
1,7,1631544764
1,6,1631107964
1,4,1632646964
2,1,1631537564
7,12,1630636964
1,0,1632145364
10,12,1631250164
1,4,1632481364
7,7,1630878764
0,10,1631032964
1,0,1630410764
2,9,1631810564
3,15,1631598219
5,13,1631844164
1,9,1630567364
0,2,1630164164
1,2,1630320764
0,3,1630182764
8,7,1631658764
7,7,1631447564
5,16,1632783764
5,11,1632163964
7,14,1632770564
3,0,1632676364
3,9,1631862164
5,8,1631722364
9,6,1631417564
2,0,1631620364
11,6,1631424164
1,4,1631190764
5,4,1630387364
1,13,1631775164
5,8,1630824764
0,4,1632210164
8,4,1631219564
9,12,1632189764
7,6,1630870964
3,4,1632103964
4,8,1631962364
0,7,1631800364
13,8,1632367364
1,4,1632596564
1,0,1632747764
5,7,1630823564
4,10,1632535964
4,7,1630129964
8,12,1630612964
7,14,1632768764
1,15,1632002564
1,8,1631863364
5,7,1630245164
5,16,1632802364
2,9,1631509964
2,7,1630730564
0,1,1631184164
9,11,1630610564
5,8,1632529364
1,12,1631281364
10,11,1632455564
5,5,1631958164
10,8,1631669564
9,11,1631259164
4,1,1632634364
4,17,1632041564
0,3,1631110364
8,6,1632435764
3,4,1631689964
0,0,1632738764
5,16,1632781364
1,3,1631191364
4,10,1632540164
1,0,1632489164
1,12,1632562364
7,11,1632202964
0,5,1630183964
10,11,1632448364
0,13,1631777564
6,13,1630984964
2,1,1630287164
3,11,1631826164
0,2,1630192363
4,4,1631713964
6,5,1632431564
5,16,1630551764
3,6,1632312165
5,3,1630754564
1,0,1632733964
7,12,1631329364
2,4,1632241364
13,8,1632354164
9,13,1632167564
1,0,1630405964
4,3,1630428164
5,10,1630249364
0,3,1630777364
1,0,1632387164
8,8,1631556164
6,7,1630127564
1,0,1630308764
12,8,1632348764
5,8,1630827764
4,9,1632534764
2,4,1631717564
3,3,1630712564
1,0,1630330964
1,5,1630594364
0,3,1632478964
0,3,1632118364
3,6,1631549564
3,3,1631626364
1,3,1630585364
6,8,1632693164
2,6,1632307964
1,2,1632070364
5,5,1631148764
1,0,1630176764
5,2,1632411764
11,10,1632442364
0,0,1632135164
8,12,1631345564
4,4,1630380164
3,12,1632813764
1,5,1632648764
8,5,1631410364
1,16,1632291164
3,7,1631477564
1,5,1632669764
2,7,1631463164
10,9,1632460364
1,0,1632743564
1,0,1631087564
0,0,1631532164
8,2,1631896964
9,12,1631337764
0,4,1631097764
5,15,1632265964
5,6,1631055764
1,4,1630671764
1,3,1632232964
7,13,1632166964
0,0,1630921364
9,12,1632190364
0,5,1632507764
6,13,1630977764
4,11,1631857364
2,9,1631487764
7,11,1630607019
4,6,1630794764
7,4,1631444564
1,10,1632054164
1,12,1632811364
0,4,1631047964
10,8,1631676164
5,16,1632288164
7,4,1631892164
3,3,1632090764
4,4,1630386164
1,1,1631640764
4,0,1631388164
5,15,1632267764
2,7,1630237364
0,4,1631020964
13,8,1632358364
5,16,1632779564
5,1,1632427964
12,7,1632373964
1,1,1632247964
0,0,1630315964
7,3,1631433164
2,4,1632318764
2,3,1632084164
5,10,1630461764
0,1,1632394364
1,4,1632610364
2,5,1630746164
1,15,1632004364
13,8,1631921564
0,1,1632732764
5,4,1631377364
10,12,1631247164
0,0,1632734565
2,16,1632013364
4,18,1632033164
1,0,1631533964
2,5,1630793564
3,5,1632255164
2,2,1632142364
2,1,1631379764
3,10,1631805164
2,0,1631621564
1,0,1632072164
6,13,1631342564
6,8,1632160964
8,10,1631263964
4,15,1632267164
9,12,1631765564
0,2,1630200764
1,1,1630350764
1,7,1630498364
3,1,1632636164
1,6,1631012564
3,7,1631476964
6,2,1630760564
1,6,1630578764
2,3,1630364564
1,5,1631550164
5,5,1631151344
5,15,1632774164
1,6,1630725764
3,2,1630344764
8,8,1632346364
0,0,1630695164
0,0,1632409364
9,5,1631225564
2,7,1630731764
1,11,1632835364
3,4,1630951964
7,1,1630703564
8,3,1630706564
5,14,1631593964
1,9,1632569564
1,5,1630788164
5,5,1631158364
4,5,1630372964
10,8,1631662964
3,1,1630683164
2,1,1632504163
2,9,1631860364
1,1,1632384764
6,7,1632685364
4,8,1631448764
2,0,1631643164
5,5,1631055164
1,7,1631081564
4,3,1631956964
1,1,1632421364
1,5,1631101964
4,7,1630510364
10,8,1631664764
1,10,1631813564
3,4,1632096764
2,13,1631975564
8,6,1631655764
2,0,1630393964
10,11,1632448964
5,10,1631989364
11,6,1631427764
6,7,1632344564
5,11,1632261164
1,8,1630577564
0,0,1630695764
4,8,1630140164
5,10,1630470164
5,8,1630825964
0,2,1630194164
2,5,1630668764
7,8,1630894364
3,14,1630522964
0,0,1631533364
10,11,1632457364
1,0,1632421964
5,15,1631590364
2,9,1630656764
2,11,1630514564
0,13,1631284364
4,8,1631963564
2,6,1631102564
3,3,1630357964
1,5,1631045564
0,5,1631304164
1,5,1630789964
9,10,1631323364
9,12,1632195764
9,12,1632184964
6,8,1631068364
0,10,1632561764
1,2,1632076364
0,0,1631207564
7,1,1630758764
7,14,1632769364
5,8,1632701564
1,0,1631523764
3,3,1630362764
8,10,1631727164
2,12,1630484564
3,4,1632060164
2,18,1632808364
9,12,1632197564
5,3,1631437364
0,1,1630333964
7,7,1630884764
2,12,1630485764
0,5,1632757364
9,11,1631326364
1,5,1632299564
2,18,1632016964
9,10,1631324564
7,5,1630866764
5,5,1631155364
1,4,1631035364
9,12,1631743964
1,5,1631704964
1,1,1630173164
3,3,1632666764
0,5,1631305964
3,8,1632582164
0,13,1631781764
0,1,1630944164
2,3,1630713164
3,8,1632057764
5,8,1632529964
1,4,1631794364
1,6,1630149764
3,8,1632582764
3,5,1630254764
10,12,1631257964
3,8,1631080364
1,2,1631191964
5,16,1630535565
2,9,1631489564
3,6,1630434164
5,16,1632269564
5,11,1630648964
5,16,1630534366
0,5,1631869964
3,6,1630956164
2,3,1632495764
1,0,1631454164
3,7,1631472164
0,0,1632132764
2,3,1630689764
3,4,1632235364
7,12,1631347364
0,5,1632304964
1,15,1632005564
4,10,1630459364
5,16,1630548764
3,9,1631505764
4,2,1632501764
3,5,1632235964
0,0,1630332164
1,2,1630839164
2,11,1631289764
9,6,1631418164
9,5,1631416964
12,8,1631911364
0,2,1632599564
5,11,1630648364
0,10,1631007764
1,1,1630173764
5,7,1630816364
5,16,1630530164
9,12,1632189164
4,8,1631079764
1,4,1631019764
5,16,1632792164
1,2,1632153164
2,2,1632336164
9,12,1632193964
2,17,1632809564
1,8,1631463764
0,2,1632424364
2,0,1630290764
1,6,1630725164
7,12,1631728964
1,11,1632052964
1,1,1631088764
6,6,1631953364
0,0,1632224564
2,7,1631475164
5,16,1630539764
0,0,1631682764
6,13,1630989164
3,6,1630598564
0,2,1630197164
3,4,1630749164
6,3,1630755164
2,4,1632481964
0,9,1632589964
2,0,1632675164
6,8,1632692565
5,7,1630822964
0,1,1630209164
9,3,1631431964
2,2,1631697764
5,15,1631588564
0,2,1630200164
0,1,1630217564
3,1,1630419764
2,1,1630935164
0,11,1631812364
4,10,1630456964
6,9,1632762164
6,13,1630978964
6,7,1630807364
5,15,1631578364
5,2,1630423364
2,6,1630720964
5,15,1631592764
1,0,1632742964
5,11,1631988164
1,10,1631514164
3,7,1630504364
1,1,1630258964
3,6,1630511564
5,16,1630528965
1,0,1631088164
4,14,1631772164
6,13,1630983764
2,5,1631039564
0,3,1631881364
9,5,1631413364
1,11,1631811764
5,10,1630450364
2,9,1631496764
3,5,1632379964
2,7,1630736564
1,2,1631698964
5,9,1630856564
2,4,1630232564
5,3,1631403164
1,1,1630678964
0,0,1632135764
10,11,1632451964
0,3,1632601964
1,1,1630407164
4,8,1632718364
1,3,1632333163
2,3,1632325364
5,16,1630540964
3,3,1631712764
5,16,1632276764
9,12,1631755964
3,9,1630440164
1,2,1632388964
1,3,1630783964
2,0,1631643764
6,9,1630855364
9,12,1631751164
5,8,1630906364
1,5,1632213164
13,8,1632360164
2,0,1631196764
10,10,1632439964
1,6,1630663964
9,10,1631253164
0,10,1631817764
3,6,1630910564
2,5,1630948364
1,5,1632213764
2,1,1630345364
4,8,1632710564
4,3,1632660764
0,3,1632606764
4,8,1632712364
14,7,1631942564
0,4,1632402164
5,16,1630532564
6,2,1630843964
2,6,1632158564
10,8,1631662364
6,3,1631890364
0,2,1630269764
4,1,1632502964
3,1,1631381564
13,8,1632351764
2,12,1630485164
1,6,1631043765
4,1,1632627164
9,12,1632169964
4,8,1632760964
2,10,1632826364
0,9,1631511764
2,2,1630286564
4,1,1632624164
3,8,1630241564
9,10,1631325164
9,9,1631946164
0,4,1630834964
3,3,1632667964
6,13,1631343164
13,8,1632369164
2,3,1632084831
9,6,1631421764
10,8,1632460964
5,16,1630538564
7,7,1631630564
11,10,1632441764
6,7,1631951564
0,1,1630220564
8,7,1630885364
0,2,1630205564
5,12,1632263564
5,16,1632789164
4,8,1632534164
4,4,1630378364
5,3,1631395364
8,3,1632415964
1,2,1632496364
1,1,1630679564
5,15,1630526564
1,5,1632328964
5,12,1630479764
9,12,1632195164
5,13,1631842964
5,16,1632778364
5,5,1631163164
5,3,1631364164
0,9,1632831764
1,3,1630783364
1,5,1630580564
3,5,1630253563
3,7,1630501364
0,0,1632730964
4,1,1632634964
13,8,1632366164
7,13,1632764564
3,1,1631213564
8,5,1630865564
0,1,1631091764
5,8,1632705164
2,6,1630144964
1,1,1632385364
10,9,1632459764
0,0,1632733364
3,18,1632015764
14,8,1631936564
2,0,1632748364
0,4,1631639564
3,4,1631690564
0,13,1631778164
6,4,1631435564
3,1,1631380364
0,5,1632238964
1,6,1630724564
0,6,1632307364
5,8,1632705764
4,1,1632629564
5,8,1632526964
7,7,1631062364
6,8,1632691963
14,8,1631940764
0,0,1630177964
4,11,1631266364
1,11,1632579764
5,3,1631396564
5,10,1632543164
6,15,1631571164
1,5,1630786964
2,2,1632643364
2,7,1630512764
2,9,1631502764
0,3,1630321964
0,2,1632615164
1,1,1630228364
3,0,1631212364
3,4,1632106364
1,5,1630668164
1,6,1630665164
4,4,1631359364
2,0,1631622164
2,1,1630289564
7,8,1630902164
5,16,1630533164
8,12,1631741564
4,1,1632628964
5,8,1630826564
4,10,1630652564
0,1,1631880164
0,1,1631187764
9,2,1631903564
6,1,1631438564
5,11,1631265764
4,5,1630716764
2,9,1631509364
3,17,1632036764
1,1,1631177564
0,8,1631610764
6,15,1631575364
0,2,1630318964
0,4,1630190564
5,12,1631967764
1,4,1631702564
0,4,1631048564
4,9,1630602764
1,3,1632319964
0,4,1630189364
5,10,1631824964
2,3,1632380564
0,10,1632054764
0,6,1631874164
1,3,1630586564
0,9,1631791364
2,7,1630146764
4,1,1632627764
8,3,1630707164
4,10,1631823764
6,13,1631850764
5,1,1632427364
6,2,1630704164
3,0,1630398764
5,16,1632793364
0,4,1631035964
1,6,1630158164
2,4,1631373764
1,13,1631995364
1,3,1630404164
1,1,1630324964
3,16,1630563164
6,5,1631960564
2,4,1631517164
5,15,1631583164
5,7,1630815164
5,2,1631440364
0,9,1631008364
5,8,1630857164
3,3,1630840964
2,9,1631802764
2,9,1631501564
14,8,1631941364
2,13,1631267564
4,6,1630432964
2,10,1630963364
8,9,1631320364
12,8,1631908364
1,3,1631198564
5,12,1631856764
6,2,1631368364
1,5,1632296564
10,8,1631668964
3,4,1630436564
5,16,1630553564
9,3,1631432564
4,1,1630683764
13,8,1632355364
7,6,1630871564
5,1,1632725564
2,3,1632672764
7,12,1630638164
5,12,1630481565
1,5,1630581764
0,13,1631780564
6,7,1632684764
2,0,1630297364
6,4,1631404364
2,14,1631271164
5,5,1631161964
5,8,1632693764
9,6,1631419964
4,8,1632711164
5,11,1630647764
7,4,1630862564
0,7,1632595364
2,8,1630600964
3,2,1630845164
3,3,1630358564
1,0,1630303364
0,0,1631534564
0,5,1632756164
9,12,1631755364
4,5,1631548964
1,0,1630922564
11,6,1631422364
2,3,1631171564
9,12,1632181364
7,8,1630897363
1,0,1630340564
5,16,1632282764
0,4,1631097164
1,0,1632674564
8,8,1632462764
0,2,1632616364
2,9,1631498564
1,7,1630508564
2,14,1632578619
2,9,1630659764
4,5,1632237164
1,4,1632646364
0,1,1631180564
8,7,1630887764
2,1,1632420164
3,5,1630153964
1,0,1632744164
10,12,1631233964
3,3,1632666164
0,1,1631885564
3,2,1631696564
4,4,1630380764
5,9,1631964164
3,5,1632253965
1,1,1630339964
10,1,1630687364
1,3,1630675964
5,15,1631584964
9,12,1631742764
1,10,1631604764
6,3,1631649764
2,0,1630292564
9,11,1631229164
1,9,1630576964
2,0,1632227564
5,5,1631152364
2,0,1630923764
5,16,1632807164
2,10,1631809964
1,6,1630726364
2,1,1630282964
1,0,1630408964
6,2,1630768364
7,1,1630702964
3,18,1632027764
4,10,1630249964
5,7,1630860764
9,9,1631318564
6,8,1631074364
1,12,1632816764
5,10,1630474364
2,9,1631497364
5,5,1631149964
2,0,1630394564
3,15,1631976764
4,18,1632024164
6,13,1631851364
2,9,1631292764
3,7,1631687564
0,4,1632602564
6,13,1631850164
1,10,1632832364
0,2,1632152564
1,14,1632291764
5,11,1632164564
9,12,1631251964
0,7,1631636564
4,3,1630257164
2,10,1631861564
1,5,1630150364
0,12,1632819764
0,6,1631302964
5,8,1632698564
1,2,1631130764
1,4,1631357564
9,12,1632193364
0,3,1630835564
8,12,1631971364
1,0,1632744764
5,5,1631150564
10,8,1631661764
2,4,1632081164
5,16,1632776564
1,6,1630582364
7,11,1631969564
1,1,1630407764
0,3,1632063764
0,5,1631013764
2,9,1631496164
1,12,1630486964
5,7,1630813964
3,10,1631804564
5,5,1631164364
9,2,1631904164
0,3,1630912364
4,7,1630251164
4,12,1630993364
4,1,1632632564
5,13,1631835764
1,11,1632585764
0,2,1630943564
6,13,1630987364
4,3,1630753364
5,16,1630533764
5,16,1632784964
4,10,1630455164
1,2,1630276964
13,8,1632370964
2,13,1630564964
1,1,1631521964
9,5,1631413964
9,12,1631748164
0,4,1631303564
10,12,1631247764
8,12,1631737964
2,2,1630937564
2,5,1630744964
0,4,1631200364
1,2,1631698364
2,3,1630230764
0,4,1631868764
5,8,1632700964
9,12,1631760164
5,10,1630467163
10,8,1631680364
6,3,1631899364
0,0,1630697564
1,7,1632555164
0,4,1632612164
5,2,1630759964
1,1,1630405364
0,3,1630836164
0,2,1631877764
5,5,1631157764
4,5,1632236564
2,0,1630411964
4,1,1632624764
2,3,1632381164
5,10,1630463564
0,0,1632225164
5,16,1630552364
0,3,1630191164
4,7,1630804364
1,5,1630579964
4,3,1631366564
6,8,1632690764
1,5,1630596164
9,12,1631749364
3,3,1632092564
0,15,1632009164
4,4,1632154364
9,12,1631750564
2,6,1630507964
5,16,1632778964
2,7,1630735964
1,5,1631866964
0,11,1631788364
2,5,1631053964
10,8,1631666564
2,4,1631452364
10,11,1632445364
3,9,1630440764
3,3,1630711964
1,0,1630309364
7,12,1630638764
6,2,1631367764
6,7,1630129364
3,10,1630447964
1,2,1632141164
5,6,1631628764
7,11,1630643564
5,8,1632527564
5,5,1632342764
5,3,1631368964
3,7,1632309764
3,4,1632113564
2,2,1631115764
0,8,1632557564
3,4,1632098564
4,1,1630843364
2,6,1632329564
7,12,1630640564
13,8,1632364964
4,4,1631358764
0,4,1632244364
1,4,1632078764
6,8,1631076164
5,5,1631163764
0,12,1631992964
0,1,1630913564
0,3,1632598364
3,7,1630137764
1,5,1631044364
5,3,1631403764
1,2,1630277564
0,11,1632820364
7,8,1630903964
8,10,1631971964
1,8,1632583364
0,1,1632246164
3,7,1630800164
1,6,1632511964
6,13,1630991564
4,1,1631692964
0,12,1631784764
1,6,1632061964
4,17,1632039764
6,15,1632773564
1,7,1630495964
5,4,1632430964
4,3,1631124164
0,5,1631793164
0,0,1631117564
5,7,1631724164
3,6,1632308564
0,3,1631871164
9,12,1632187364
0,1,1632064364
1,1,1630282364
2,1,1630769564
1,1,1630170764
1,4,1632080564
0,1,1630219364
1,0,1630680164
8,3,1630707764
5,3,1632430364
6,6,1630873964
2,1,1630930364
5,9,1630244564
3,0,1631383364
0,2,1630270364
5,12,1630972964
0,13,1631782964
1,4,1631050364
1,2,1630404764
6,15,1631577764
6,13,1630989764
0,4,1631872964
1,4,1631019164
2,5,1632510764
2,12,1631827364
1,3,1631880764
0,2,1630273964
2,5,1631706764
0,5,1630740164
4,10,1632538964
9,12,1631757764
0,10,1632836564
5,5,1631157164
6,11,1632259964
1,12,1630488164
7,12,1631739764
12,8,1631910764
3,18,1632022364
1,2,1630261364
1,1,1631185364
5,10,1630465364
6,13,1630981364
5,12,1630972364
3,7,1631797364
1,0,1632490964
3,12,1630518164
8,5,1630869764
9,12,1632185564
0,10,1632828764
0,1,1630312964
13,8,1631944364
4,4,1630383164
3,1,1632637364
4,8,1632709964
0,0,1632124364
3,4,1631451164
0,13,1632587564
1,8,1630575764
0,1,1630260164
3,1,1630750364
7,5,1632681164
4,3,1631709164
2,6,1630152764
0,2,1630202564
0,2,1632222764
4,4,1631715764
6,13,1631848964
4,4,1631169764
5,16,1632790364
3,10,1632581564
2,4,1631136164
5,16,1632780164
6,13,1630979564
4,4,1632469364
3,18,1632025363
7,14,1630852364
6,13,1631852564
5,10,1630472564
7,11,1630644764
1,4,1631049164
1,0,1630335764
2,12,1631991164
0,2,1631615564
2,3,1630354964
5,10,1630466564
10,12,1632175964
0,0,1630316564
4,4,1630383764
0,11,1632820964
1,7,1631634764
5,2,1630425764
3,8,1631079164
1,7,1630498964
1,0,1632745964
1,7,1631010764
1,0,1631617964
9,2,1630686164
5,16,1632799364
1,3,1632651764
3,15,1631976164
1,2,1630260764
12,8,1632372764
7,4,1631434964
0,3,1630836764
7,7,1630875764
3,4,1631122364
0,4,1631095364
10,12,1632169364
3,9,1630830764
14,8,1631940164
3,9,1631820164
1,1,1631536964
0,1,1630682564
5,4,1631720564
3,12,1631978564
1,10,1631981565
1,0,1630409564
0,5,1632300164
9,12,1631749964
2,9,1630660364
7,4,1632416564
8,12,1631770364
3,4,1632112964
13,8,1631922764
4,0,1630681964
7,4,1631217164
3,7,1631688764
0,11,1631287364
2,0,1632145964
4,10,1630456364
4,14,1631772764
5,13,1631839964
2,9,1631490764
3,3,1632096164
8,4,1631902964
8,4,1631445164
2,4,1631136957
10,8,1631665964
10,8,1631672564
4,1,1631209964
3,8,1632549764
3,11,1630966964
5,13,1630992764
2,0,1632422564
1,3,1632322964
1,6,1632333764
3,18,1632015164
9,12,1631754164
0,5,1630911764
3,5,1632154964
2,12,1632811964
8,12,1631742164
1,11,1630489364
1,2,1631120564
0,1,1630212164
7,8,1630891364
5,13,1631841764
10,12,1632173564
0,1,1630222364
3,16,1632013964
0,6,1631637164
1,2,1630337564
5,16,1630545764
7,1,1632680564
9,9,1631315564
1,3,1632670364
6,7,1631064764
0,10,1631818364
1,7,1631513564
2,3,1632251564
6,15,1631576618
4,17,1632039164
5,15,1630525964
0,15,1632007964
7,6,1632681764
4,8,1632715364
6,7,1631950964
0,12,1631784164
0,8,1631635964
3,7,1630502564
1,0,1632249164
3,18,1632027164
1,0,1630770764
7,13,1630624364
7,12,1631331164
2,6,1630156964
4,3,1630256564
6,3,1632429764
6,13,1630985564
0,0,1630917164
0,1,1632396164
2,18,1632018164
13,8,1632357764
1,5,1631307164
8,4,1631217764
1,8,1630235564
5,8,1632697364
0,0,1630180364
1,8,1632553364
14,8,1631931164
8,5,1632414164
0,2,1630268563
4,2,1631691163
3,15,1631597564
5,8,1631078564
12,8,1632349364
3,4,1632105764
2,0,1631383964
0,1,1630221164
2,7,1630239163
4,3,1631542364
1,3,1632614564
10,12,1632174164
5,4,1631719964
0,0,1632121964
2,9,1631002964
1,3,1632322364
1,11,1631787764
12,7,1631907164
1,10,1631288564
5,2,1630764164
1,11,1632816164
2,0,1630347764
5,16,1632796964
3,11,1630515764
5,15,1631585564
3,5,1632340364
1,11,1630489964
7,5,1631446364
4,9,1630444964
10,10,1631321564
3,3,1632093164
0,8,1631790764
9,5,1631416364
1,1,1632480764
1,12,1631279564
1,3,1632605564
2,0,1632144764
2,5,1631706164
3,5,1631140554
0,2,1630326764
8,2,1630705964
0,1,1630327964
1,3,1632065564
2,4,1631370164
3,1,1631392364
1,0,1631535164
0,6,1631792564
4,3,1631541164
6,13,1630981964
7,10,1631949764
14,8,1631929964
8,12,1632201764
3,11,1631982764
5,13,1631838764
4,11,1630521764
1,2,1630418564
5,13,1631836364
10,12,1631236364
2,1,1631202164
1,0,1630938164
5,6,1630438364
0,1,1630218164
2,13,1631277164
2,6,1630713764
14,8,1631934164
9,11,1630854164
0,7,1631028764
5,8,1632709364
2,5,1631638964
5,16,1632803564
3,6,1630597964
6,9,1630860164
6,13,1630621364
0,12,1632580364
10,12,1631248364
2,0,1632677564
1,13,1631994764
4,8,1632713564
0,8,1631635364
1,6,1631543564
7,14,1632769964
1,1,1631641964
4,7,1630803764
5,16,1630545164
2,9,1631507564
7,1,1632679964
9,12,1632180164
7,8,1630899164
11,6,1631425364
0,5,1631047364
1,7,1630234364
7,1,1630758164
5,5,1631164964
8,12,1631336564
2,4,1632672164
9,6,1631418764
7,12,1630639964
5,8,1632708764
2,0,1630291964
0,6,1632474164
1,0,1630412564
1,1,1630281164
3,3,1630363364
3,3,1632091363
1,4,1631134364
0,1,1631175164
6,13,1630621964
2,9,1631488364
3,4,1631449964
2,9,1631815964
7,8,1630894964
7,7,1630877564
3,7,1630795964
1,3,1632153764
4,2,1631695364
0,1,1630314764
0,0,1630329764
3,4,1632115364
5,10,1632259364
5,3,1631397164
3,10,1630513964
2,7,1630147364
3,9,1630444364
1,0,1631535764
5,16,1632273764
1,1,1632387764
1,11,1630488764
0,5,1631876564
2,7,1630239764
0,2,1630274564
1,2,1631197364
5,6,1630873364
4,5,1630252964
1,1,1630175564
9,12,1631763164
3,18,1632025964
6,4,1631652764
2,2,1632143564
5,7,1630818164
2,8,1631297564
7,12,1631328764
4,15,1631977964
13,8,1631920964
13,8,1632356564
7,12,1631328164
4,16,1632288764
3,7,1630137164
6,4,1631898764
0,7,1631300564
3,9,1631292164
0,0,1630698764
1,10,1631005964
1,4,1630588364
0,11,1632822164
3,0,1631644364
2,0,1630348364
2,3,1630230164
2,1,1631378564
8,12,1631740964
2,1,1630290164
6,13,1630974764
0,2,1632218564
10,8,1631665364
0,0,1632738164
2,0,1630930964
1,4,1632320564
1,4,1630583564
6,2,1630755764
4,10,1631821364
1,1,1630174964
6,8,1631076764
4,4,1630374764
14,8,1631937764
1,5,1630667564
5,8,1632694964
7,13,1630626164
6,1,1630756964
12,8,1631908964
2,8,1630998164
4,17,1632808964
1,1,1630159964
1,2,1631194964
1,8,1631470364
1,0,1630225964
8,4,1631653964
0,2,1630192964
10,11,1632456164
14,8,1631927564
9,12,1632196964
8,9,1632438164
2,3,1632381764
5,16,1630531964
4,1,1632679364
5,2,1631394764
4,1,1630752164
9,10,1631946764
9,11,1630609964
2,6,1632159164
1,1,1632492764
3,8,1631862764
2,7,1630505564
8,9,1631317964
1,14,1632047564
5,14,1631595164
3,13,1631974964
3,5,1631460764
1,0,1630302764
5,3,1632468764
1,4,1631083364
5,5,1631146364
14,8,1631916164
1,2,1632141764
3,4,1631451764
10,8,1631667164
1,0,1632246764
2,12,1631986364
1,11,1630493564
0,0,1630914764
2,13,1631830964
8,7,1632465164
4,18,1632033764
0,1,1630334564
1,5,1630791164
10,12,1632174764
0,1,1630210364
4,4,1631721164
14,8,1631941964
10,12,1632171164
0,3,1631112164
3,4,1632110564
5,5,1631149364
0,0,1631613164
1,9,1630568564
2,9,1632205964
2,3,1630351964
2,0,1630293764
0,4,1630946564
8,5,1631410964
3,1,1632621164
5,8,1632695564
0,2,1632615764
2,2,1630420964
0,0,1632120827
3,6,1630599164
4,6,1630950764
1,7,1631031164
4,10,1630603419
1,2,1631641364
6,7,1630128164
2,12,1631991764
0,12,1631601828
1,0,1630302164
9,7,1631658164
3,6,1632759164
3,5,1630954364
2,11,1631984564
6,8,1631071964
6,8,1632689564
7,12,1630641164
4,4,1630384964
3,1,1631391764
1,8,1631298764
6,13,1630974164
1,0,1630414964
1,7,1630497164
2,0,1632228764
0,0,1630920164
4,11,1632262964
3,11,1630521164
2,9,1631491364
13,8,1631922164
6,4,1631652164
0,4,1632069164
3,6,1630153364
3,11,1630967564
10,12,1632172964
2,3,1630357364
1,3,1630782164
4,9,1631964764
3,4,1632106964
1,3,1632652964
2,1,1630766564
9,6,1631420564
6,15,1631567564
0,0,1630162364
0,12,1632586964
5,13,1631838164
1,0,1631206964
7,12,1630615364
8,12,1631253764
1,0,1630304564
0,2,1630164764
7,12,1631730164
7,10,1630477364
0,4,1632477764
0,13,1631994164
9,5,1631415164
0,3,1630779164
10,8,1632464564
10,9,1631945564
7,13,1631348564
1,5,1632079964
5,16,1632775364
4,1,1632503564
1,4,1631866364
5,1,1631399564
3,4,1631450564
2,6,1631100764
0,7,1632207164
2,7,1631299364
5,5,1631148164
4,5,1631628164
9,12,1632186764
7,14,1632765164
13,8,1632363764
1,1,1632248564
1,2,1632642764
1,3,1632231164
7,5,1632433364
5,3,1632466964
8,8,1631660564
10,8,1631675564
0,0,1632073364
4,6,1630715564
1,7,1632514964
6,11,1630649564
0,1,1630216964
2,11,1630965764
4,2,1631390564
1,5,1632212564
0,1,1630180964
4,5,1631955764
4,12,1630482764
1,4,1632332564
3,6,1630141964
1,10,1631514764
8,7,1631657564
2,7,1631481164
5,15,1631593364
1,1,1630263764
9,12,1631230964
0,0,1632736364
4,5,1631166764
1,4,1632211364
5,15,1630527764
8,7,1630878164
2,7,1630732964
13,8,1632360764
7,12,1631254964
6,8,1631725364
0,2,1630199564
5,10,1630450964
0,1,1631175764
1,10,1631819564
4,8,1632712964
9,7,1631558564
3,9,1631353964
0,6,1631874764
14,8,1631925164
1,0,1632749563
5,15,1631587431
3,9,1630443164
9,12,1632183164
2,6,1632473564
6,7,1630247564
2,7,1630733564
6,6,1631686364
2,9,1631490164
1,2,1630837964
0,11,1631286764
1,9,1631026364
0,0,1630693364
2,8,1632550364
1,4,1632081764
6,15,1631566364
3,18,1632028364
4,10,1631965364
1,0,1631619764
3,9,1630441364
10,8,1631673764
0,1,1631613764
6,15,1632772964
2,8,1632519764
9,2,1631895164
4,18,1632022964
1,13,1632577964
7,12,1631332364
2,6,1630719764
5,7,1632343964
2,5,1632156764
2,10,1630995764
9,4,1631220764
8,7,1630885964
7,10,1631949164
0,1,1630329164
5,7,1630438964
0,0,1632122564
5,2,1630842764
1,4,1630595564
1,0,1630771964
7,11,1630606364
2,3,1632670964
2,9,1630997564
6,5,1630431164
5,15,1631582564
9,8,1632461564
1,1,1630339364
4,1,1632504764
2,9,1630658564
7,3,1632417164
1,10,1631468564
2,3,1632250364
0,3,1631183564
0,4,1632403364
10,12,1631235164
6,2,1630762964
3,3,1632665564
8,7,1630887164
0,4,1632306164
2,7,1631480564
0,4,1632078164
5,16,1632268364
3,13,1632812564
0,13,1631779364
7,7,1630881764
5,16,1632775964
3,12,1630483364
3,2,1630422164
2,3,1630784564
1,6,1632512564
2,9,1631493764
2,0,1632225764
0,5,1631016164
0,2,1630942964
5,16,1632783164
2,1,1630288964
0,5,1631302364
10,12,1631242964
2,7,1631479364
5,15,1631580218
0,10,1631812964
0,0,1630332764
8,4,1631361764
6,13,1630976564
5,1,1631394164
2,9,1630601564
6,7,1632685964
3,2,1630344164
0,3,1632219764
0,5,1631793764
1,12,1630487564
2,7,1631475764
10,11,1632450164
1,7,1630956764
1,0,1632748964
6,7,1630807964
0,1,1631187164
6,8,1632345764
1,7,1630234964
3,0,1630398164
3,7,1631080964
2,9,1631001164
5,16,1630555364
3,5,1632470564
7,8,1631725964
1,2,1631195564
1,3,1631551964
6,5,1632432764
3,5,1630746764
1,7,1632554564
8,5,1630869164
2,6,1630738964
5,8,1632528764
13,8,1632357164
5,3,1631646764
5,2,1630767164
4,2,1632663164
0,8,1631029964
1,9,1631355764
0,4,1632475964
3,1,1632638564
1,0,1632641564
1,0,1632484364
5,10,1630474964
0,6,1631800964
9,12,1631747564
3,9,1631505164
5,15,1631581964
1,11,1632833564
0,1,1632406364
4,5,1630371164
1,1,1631172764
3,6,1632471164
6,4,1630430564
7,13,1632763364
5,5,1631360564
7,5,1631404964
0,4,1631868164
5,7,1630815764
2,6,1630152164
10,5,1631224964
0,2,1630198364
1,4,1630581164
3,6,1630949564
2,10,1631814164
6,13,1631853164
6,7,1630808564
4,4,1630388564
1,6,1631544164
1,8,1631609022
10,8,1631679164
13,8,1631914364
0,10,1631007164
5,12,1631966564
1,1,1632138164
8,10,1631948564
0,12,1631285564
4,10,1630453364
2,4,1630367564
1,15,1631999564
0,4,1632611564
3,5,1631707964
14,8,1631923964
0,8,1630236164
5,7,1630812764
2,8,1631802164
9,12,1631766164
7,2,1632418964
5,8,1632699764
2,7,1630513364
0,2,1631089964
1,0,1630915364
2,9,1631502164
5,7,1631958764
3,4,1632102164
2,9,1630659164
2,13,1631274764
5,8,1632703964
1,1,1632491564
0,1,1632397364
3,4,1632499364
4,4,1631955164
0,9,1631512364
1,7,1630663364
14,8,1631926964
1,1,1631203364
3,17,1632037364
13,8,1632362564
2,5,1630146164
2,1,1632425564
5,16,1632795164
3,0,1630395164
8,12,1631260364
9,8,1632436364
0,0,1631524964
1,15,1632000164
1,1,1632384164
0,2,1630195964
6,8,1631075564
0,8,1632593564
3,2,1631697164
4,4,1630384364
4,8,1632715964
0,5,1632301964
9,12,1632170564
4,4,1630368764
3,5,1632338564
2,8,1631353364
1,5,1630789364
0,1,1630209764
4,0,1631388764
10,12,1632176564
9,8,1631312564
11,6,1631426564
1,15,1632003164
1,10,1631603564
3,9,1630602164
2,4,1630596764
0,0,1632735764
0,0,1632408764
1,6,1632757964
0,12,1632565364
4,5,1631626964
1,4,1632607364
2,1,1630284764
0,1,1630324364
1,3,1632240764
0,7,1631608364
1,6,1632294164
1,13,1632564764
2,9,1631508764
9,12,1632190964
7,9,1630855964
2,4,1632252164
5,8,1632708164
8,12,1630611764
1,3,1632139964
6,13,1631846564
5,11,1632163364
7,8,1630893164
9,12,1632184364
7,3,1630687964
8,10,1630854764
2,3,1630351364
0,1,1630692164
0,1,1630210964
3,3,1630363964
2,1,1630928564
3,3,1632093764
2,12,1630519964
4,3,1630845764
5,6,1630872164
6,6,1631058164
